<?xml version="1.0" encoding="UTF-8"?>
<project-private xmlns="http://www.netbeans.org/ns/project-private/1">
    <editor-bookmarks xmlns="http://www.netbeans.org/ns/editor-bookmarks/2" lastBookmarkId="0"/>
    <open-files xmlns="http://www.netbeans.org/ns/projectui-open-files/2">
        <group>
            <file>file:/C:/Users/Αριστείδης/Desktop/Άρης/csd_auth/4ο%20εξάμηνο/Ψηφιακές%20Επικοινωνίες/Εργασία/project_CRC/src/project_crc/Message.java</file>
            <file>file:/C:/Users/Αριστείδης/Desktop/Άρης/csd_auth/4ο%20εξάμηνο/Ψηφιακές%20Επικοινωνίες/Εργασία/project_CRC/src/project_crc/Project_CRC.java</file>
            <file>file:/C:/Users/Αριστείδης/Desktop/Άρης/csd_auth/4ο%20εξάμηνο/Ψηφιακές%20Επικοινωνίες/Εργασία/project_CRC/src/project_crc/Transmitter.java</file>
            <file>file:/C:/Users/Αριστείδης/Desktop/Άρης/csd_auth/4ο%20εξάμηνο/Ψηφιακές%20Επικοινωνίες/Εργασία/project_CRC/src/project_crc/Receiver.java</file>
        </group>
    </open-files>
</project-private>
